{
  "condition": "minecraft:alternative",
  "terms": [
    {
      "condition": "minecraft:location_check",
      "offsetX": 1,
      "predicate": {
        "block": {
          "tag": "bbf:furnace",
          "state": {
            "lit": "true"
          }
        }
      }
    },
    {
      "condition": "minecraft:location_check",
      "offsetX": -1,
      "predicate": {
        "block": {
          "tag": "bbf:furnace",
          "state": {
            "lit": "true"
          }
        }
      }
    },
    {
      "condition": "minecraft:location_check",
      "offsetZ": 1,
      "predicate": {
        "block": {
          "tag": "bbf:furnace",
          "state": {
            "lit": "true"
          }
        }
      }
    },
    {
      "condition": "minecraft:location_check",
      "offsetZ": -1,
      "predicate": {
        "block": {
          "tag": "bbf:furnace",
          "state": {
            "lit": "true"
          }
        }
      }
    }   
  ]
}