[
  {
    "condition": "minecraft:alternative",
    "terms": [
      {
        "condition": "minecraft:inverted",
        "term": {
          "condition": "minecraft:location_check",
          "predicate": {
            "block": {
              "nbt": "{Items:[{Slot:2b}]}"
            }
          }
        }
      },
      {
        "condition": "minecraft:inverted",
        "term": {
          "condition": "minecraft:alternative",
          "terms": [
            {
              "condition": "minecraft:location_check",
              "predicate": {
                "block": {
                  "nbt": "{Items:[{Slot:2b,id:\"minecraft:iron_nugget\",Count:64b}]}"
                }
              }
            },
            {
              "condition": "minecraft:inverted",
              "term": {
                "condition": "minecraft:location_check",
                "predicate": {
                  "block": {
                    "nbt": "{Items:[{Slot:2b,id:\"minecraft:iron_nugget\"}]}"
                  }
                }
              }
            }
          ]
        }
      }
    ]
  }
]